State,District,Year,Crime_Count_District,Population,Trend_Last_3_Years,Growth_Rate,Historical_Growth,Expected_Growth,Crime_Rate_100k,Neighbor_District_Risk,Spatial_Lag,Local_Moran_I_Proxy,Risk_Index,Nearby_Hotspot_Score,Risk_Percentile,Risk_Rank,Trend_Score,Anomaly_Score
Andaman and Nicobar Islands,Andaman and Nicobar Islands,2021,8,,8.0,0.0,0.0,0.0,,,,,0.0001,0.0001,0.0455,43,0.0007,0.7795
Andaman and Nicobar Islands,Andaman and Nicobar Islands,2022,28,,18.0,2.5,0.0,0.0,,,,,0.6003,0.6003,0.9783,2,0.0013,1.9829
Andaman and Nicobar Islands,Andaman and Nicobar Islands,2023,47,,27.666666666666668,0.6785714285714286,1.25,2.5,,,,,0.204,0.204,0.7935,10,0.0018,0.0297
Andaman and Nicobar Islands,Andaman and Nicobar Islands,2024,63,,46.0,0.34042553191489366,1.0595238095238095,0.6785714285714286,,,,,0.1028,0.1028,0.7609,12,0.0021,0.4034
Andaman and Nicobar Islands,Andaman and Nicobar Islands,2025,86,,65.33333333333333,0.3650793650793651,0.8797492401215805,0.34042553191489366,,,,,0.1104,0.1104,0.7391,13,0.0021,0.3761
Andaman and Nicobar Islands,Andaman and Nicobar Islands,2026,116,,88.33333333333333,0.34883720930232553,0.7768152651131375,0.3650793650793651,,,,,0.1058,0.1058,0.7391,13,0.0021,0.3941
Andhra Pradesh,Andhra Pradesh,2021,1875,,1875.0,0.0,0.0,0.0,,4577.666666666667,,-0.023133839098099282,0.0357,0.0357,0.8409,8,0.1819,1.08
Andhra Pradesh,Andhra Pradesh,2022,2341,,2108.0,0.24853333333333327,0.0,0.0,,5810.0,,0.00515235610556209,0.1195,0.1195,0.5652,21,0.1646,1.601
Andhra Pradesh,Andhra Pradesh,2023,2341,,2185.6666666666665,0.0,0.12426666666666664,0.24853333333333327,,7902.428571428572,,0.008208189631181763,0.0528,0.0528,0.5435,22,0.1495,1.08
Andhra Pradesh,Andhra Pradesh,2024,2616,,2432.6666666666665,0.11747116616830411,0.08284444444444443,0.0,,10338.57142857143,,0.06662073032839007,0.0998,0.0998,0.7391,13,0.114,0.1872
Andhra Pradesh,Andhra Pradesh,2025,2923,,2626.6666666666665,0.11735474006116209,0.09150112487540935,0.11747116616830411,,13567.857142857143,,0.17910773206666222,0.1148,0.1148,0.7609,12,0.0862,0.1859
Andhra Pradesh,Andhra Pradesh,2026,3266,,2935.0,0.11734519329456039,0.0966718479125599,0.11735474006116209,,17853.428571428572,,0.3793576356598801,0.1342,0.1342,0.7826,11,0.0714,0.1858
Arunachal Pradesh,Arunachal Pradesh,2021,47,,47.0,0.0,0.0,0.0,,2427.0,,-0.008023014381899249,0.0095,0.0095,0.2727,33,0.0045,0.1545
Arunachal Pradesh,Arunachal Pradesh,2022,14,,30.5,-0.7021276595744681,0.0,0.0,,868.5,,0.07937393892598221,0.0034,0.0034,0.1522,40,0.0023,1.3868
Arunachal Pradesh,Arunachal Pradesh,2023,24,,28.333333333333332,0.7142857142857142,-0.35106382978723405,-0.7021276595744681,,455.5,,0.10211315755292431,0.2162,0.2162,0.8261,9,0.0019,1.7224
Arunachal Pradesh,Arunachal Pradesh,2024,20,,19.333333333333332,-0.16666666666666663,0.004052684903748697,0.7142857142857142,,387.5,,0.10610239210158069,0.0016,0.0016,0.1304,41,0.0009,0.2114
Arunachal Pradesh,Arunachal Pradesh,2025,17,,20.333333333333332,-0.15000000000000002,-0.038627152988855135,-0.16666666666666663,,329.0,,0.10952375200952871,0.0014,0.0014,0.1522,40,0.0006,0.1748
Arunachal Pradesh,Arunachal Pradesh,2026,15,,17.333333333333332,-0.11764705882352944,-0.060901722391084115,-0.15000000000000002,,279.5,,0.11239883962408312,0.0012,0.0012,0.1087,42,0.0004,0.1038
Assam,Assam,2021,4846,,4846.0,0.0,0.0,0.0,,113.71428571428571,,-0.1376470573445111,0.0489,0.0489,0.8636,7,0.4703,1.0734
Assam,Assam,2022,1733,,3289.5,-0.6423854725546843,0.0,0.0,,77.57142857142857,,0.02996500948151721,0.0176,0.0176,0.2174,37,0.2569,1.5648
Assam,Assam,2023,909,,2496.0,-0.47547605308713214,-0.32119273627734213,-0.6423854725546843,,67.0,,0.07529801575873749,0.0093,0.0093,0.1957,38,0.1708,0.8793
Assam,Assam,2024,773,,1138.3333333333333,-0.1496149614961496,-0.3726205085472721,-0.47547605308713214,,59.714285714285715,,0.08302865120060325,0.008,0.008,0.1957,38,0.0533,0.459
Assam,Assam,2025,657,,779.6666666666666,-0.1500646830530401,-0.3168691217844915,-0.1496149614961496,,53.57142857142857,,0.08965832715145275,0.0068,0.0068,0.1957,38,0.0256,0.4571
Assam,Assam,2026,558,,662.6666666666666,-0.15068493150684936,-0.28350823403820125,-0.1500646830530401,,49.42857142857143,,0.09529737725624665,0.0058,0.0058,0.1739,39,0.0161,0.4546
Bihar,Bihar,2021,1413,,1413.0,0.0,0.0,0.0,,3431.6666666666665,,-0.02473576899230795,0.0269,0.0269,0.7727,11,0.1371,0.777
Bihar,Bihar,2022,1621,,1517.0,0.1472045293701345,0.0,0.0,,3828.3333333333335,,-0.025307071960559372,0.0746,0.0746,0.4348,27,0.1184,0.5437
Bihar,Bihar,2023,4450,,2494.6666666666665,1.745219000616903,0.07360226468506725,0.1472045293701345,,4060.6666666666665,,0.09547275842184823,0.5831,0.5831,0.9565,3,0.1707,1.988
Bihar,Bihar,2024,6008,,4026.3333333333335,0.35011235955056175,0.6308078433290125,1.745219000616903,,4448.666666666667,,0.1998768037256577,0.1816,0.1816,0.8696,7,0.1887,0.2223
Bihar,Bihar,2025,8110,,6189.333333333333,0.34986684420772307,0.5606339723843998,0.35011235955056175,,4880.333333333333,,0.3749237266158002,0.2042,0.2042,0.8696,7,0.2033,0.2227
Bihar,Bihar,2026,10949,,8355.666666666666,0.3500616522811344,0.5184805467490644,0.34986684420772307,,5360.333333333333,,0.6605621394307826,0.2344,0.2344,0.8696,7,0.2033,0.2224
Chandigarh,Chandigarh,2021,15,,15.0,0.0,0.0,0.0,,586.5,,0.09516727998679403,0.0023,0.0023,0.1023,40,0.0014,0.7099
Chandigarh,Chandigarh,2022,27,,21.0,0.8,0.0,0.0,,689.0,,0.08894077592664763,0.2428,0.2428,0.6522,17,0.0016,1.7658
Chandigarh,Chandigarh,2023,23,,21.666666666666668,-0.14814814814814814,0.4,0.8,,631.0,,0.0923425269344308,0.0026,0.0026,0.1304,41,0.0014,1.1684
Chandigarh,Chandigarh,2024,28,,26.0,0.21739130434782616,0.21728395061728398,-0.14814814814814814,,658.5,,0.09060344786436368,0.0679,0.0679,0.587,20,0.0012,0.0372
Chandigarh,Chandigarh,2025,35,,28.666666666666668,0.25,0.21731078904991952,0.21739130434782616,,690.5,,0.08854179471462104,0.0779,0.0779,0.6522,17,0.0009,0.0638
Chandigarh,Chandigarh,2026,44,,35.666666666666664,0.2571428571428571,0.22384863123993562,0.25,,726.0,,0.08622007176974533,0.0803,0.0803,0.6087,19,0.0008,0.0859
Chhattisgarh,Chhattisgarh,2021,352,,352.0,0.0,0.0,0.0,,4306.857142857143,,-0.09675731519327514,0.0195,0.0195,0.6136,18,0.0341,1.5789
Chhattisgarh,Chhattisgarh,2022,439,,395.5,0.24715909090909083,0.0,0.0,,5682.857142857143,,-0.15518410091057205,0.0996,0.0996,0.5435,22,0.0308,1.3386
Chhattisgarh,Chhattisgarh,2023,473,,421.3333333333333,0.07744874715261951,0.12357954545454541,0.24715909090909083,,6226.571428571428,,-0.17667382249391375,0.0511,0.0511,0.5217,23,0.0288,0.6647
Chhattisgarh,Chhattisgarh,2024,548,,486.6666666666667,0.15856236786469347,0.10820261268723678,0.07744874715261951,,7571.428571428572,,-0.22708696749804622,0.0812,0.0812,0.6957,15,0.0228,0.2928
Chhattisgarh,Chhattisgarh,2025,636,,552.3333333333334,0.16058394160583944,0.12079255148160095,0.15856236786469347,,9275.142857142857,,-0.2849948865604,0.089,0.089,0.6957,15,0.0181,0.3166
Chhattisgarh,Chhattisgarh,2026,737,,640.3333333333334,0.1588050314465408,0.12875082950644864,0.16058394160583944,,11444.57142857143,,-0.35049445312026484,0.0975,0.0975,0.6957,15,0.0156,0.2956
Dadra and Nagar Haveli and Daman and Diu,Dadra and Nagar Haveli and Daman and Diu,2021,5,,5.0,0.0,0.0,0.0,,3549.0,,-0.07142815624912752,0.0132,0.0132,0.3068,31,0.0004,0.896
Dadra and Nagar Haveli and Daman and Diu,Dadra and Nagar Haveli and Daman and Diu,2022,5,,5.0,0.0,0.0,0.0,,4833.0,,-0.1438155156152008,0.018,0.018,0.2391,36,0.0003,0.896
Dadra and Nagar Haveli and Daman and Diu,Dadra and Nagar Haveli and Daman and Diu,2023,6,,5.333333333333333,0.19999999999999996,0.0,0.0,,5049.0,,-0.1559243207851981,0.0788,0.0788,0.6522,17,0.0003,1.2142
Dadra and Nagar Haveli and Daman and Diu,Dadra and Nagar Haveli and Daman and Diu,2024,7,,6.0,0.16666666666666674,0.06666666666666665,0.19999999999999996,,6027.0,,-0.21094355093370004,0.0725,0.0725,0.6522,17,0.0002,0.8625
Dadra and Nagar Haveli and Daman and Diu,Dadra and Nagar Haveli and Daman and Diu,2025,7,,6.666666666666667,0.0,0.09166666666666667,0.16666666666666674,,7198.0,,-0.2769023862379619,0.0268,0.0268,0.2826,34,0.0002,0.896
Dadra and Nagar Haveli and Daman and Diu,Dadra and Nagar Haveli and Daman and Diu,2026,8,,7.333333333333333,0.1428571428571428,0.07333333333333333,0.0,,8600.5,,-0.3557444669128671,0.0749,0.0749,0.587,20,0.0002,0.6113
Delhi,Central Delhi,2021,35,582320.0,35.0,0.0,0.0,0.0,6.010440994642121,34.0,23.94298752147827,0.1272455463107979,0.0602,0.0602,0.8864,6,0.0033,0.2793
Delhi,Central Delhi,2022,67,582320.0,51.0,0.9142857142857144,0.0,0.0,11.505701332600632,65.0,45.77335849694374,0.1257111179076391,0.3896,0.3896,0.9348,4,0.0039,1.8448
Delhi,Central Delhi,2023,40,582320.0,47.333333333333336,-0.4029850746268657,0.4571428571428572,0.9142857142857144,6.869075422448138,39.0,27.46401509816625,0.1269992021698616,0.0688,0.0688,0.6304,18,0.0032,1.2155
Delhi,Central Delhi,2024,43,582320.0,50.0,0.07499999999999996,0.17043354655294954,-0.4029850746268657,7.384256079131749,41.0,28.872426128841443,0.1268911265795411,0.0965,0.0965,0.7174,14,0.0023,0.105
Delhi,Central Delhi,2025,46,582320.0,43.0,0.06976744186046502,0.14657515991471215,0.07499999999999996,7.899436735815359,44.0,30.985042674854228,0.12674343686578704,0.1001,0.1001,0.7174,14,0.0014,0.1172
Delhi,Central Delhi,2026,49,582320.0,46.0,0.0652173913043479,0.13121361630386272,0.06976744186046502,8.41461739249897,47.0,33.09765922086702,0.12659580104625193,0.1039,0.1039,0.7174,14,0.0011,0.1278
Delhi,East Delhi,2021,32,1709346.0,32.0,0.0,0.0,0.0,1.872061010468331,15.0,2.2305263893577125,0.128702665488664,0.0188,0.0188,0.4773,24,0.003,0.2795
Delhi,East Delhi,2022,62,1709346.0,47.0,0.9375,0.0,0.0,3.627118207782391,29.0,4.31235101942491,0.12848616461305046,0.3176,0.3176,0.8478,8,0.0036,1.8545
Delhi,East Delhi,2023,37,1709346.0,43.666666666666664,-0.4032258064516129,0.46875,0.9375,2.164570543354008,17.0,2.527929907938741,0.12866936735059667,0.0217,0.0217,0.3696,30,0.0029,1.1973
Delhi,East Delhi,2024,39,1709346.0,46.0,0.054054054054053946,0.17809139784946237,-0.4032258064516129,2.281574356508279,19.0,2.825333426519769,0.12864597735901012,0.0391,0.0391,0.413,28,0.0021,0.1564
Delhi,East Delhi,2025,42,1709346.0,39.333333333333336,0.07692307692307687,0.14708206190061027,0.054054054054053946,2.4570800762396847,18.0,2.676631667229255,0.12864446615953234,0.0477,0.0477,0.4783,25,0.0013,0.1044
Delhi,East Delhi,2026,45,1709346.0,42.0,0.0714285714285714,0.13305026490510358,0.07692307692307687,2.632585795971091,21.0,3.1227369451007974,0.12860938569526495,0.0478,0.0478,0.413,28,0.001,0.1169
Delhi,New Delhi,2021,34,142004.0,34.0,0.0,0.0,0.0,23.94298752147827,35.0,6.010440994642121,0.1272455463107979,0.2396,0.2396,1.0,1,0.0032,0.2735
Delhi,New Delhi,2022,65,142004.0,49.5,0.911764705882353,0.0,0.0,45.77335849694374,67.0,11.505701332600632,0.1257111179076391,0.7315,0.7315,1.0,1,0.0038,1.8506
Delhi,New Delhi,2023,39,142004.0,46.0,-0.4,0.4558823529411765,0.911764705882353,27.46401509816625,40.0,6.869075422448138,0.1269992021698616,0.2748,0.2748,0.8696,7,0.0031,1.2054
Delhi,New Delhi,2024,41,142004.0,48.333333333333336,0.05128205128205132,0.17058823529411768,-0.4,28.872426128841443,43.0,7.384256079131749,0.1268911265795411,0.3043,0.3043,0.9565,3,0.0022,0.154
Delhi,New Delhi,2025,44,142004.0,41.333333333333336,0.07317073170731714,0.14076168929110108,0.05128205128205132,30.985042674854228,46.0,7.899436735815359,0.12674343686578704,0.332,0.332,0.9565,3,0.0013,0.103
Delhi,New Delhi,2026,47,142004.0,44.0,0.06818181818181812,0.1272434977743443,0.07317073170731714,33.09765922086702,49.0,8.41461739249897,0.12659580104625193,0.3516,0.3516,0.9565,3,0.001,0.1147
Delhi,North Delhi,2021,19,887978.0,19.0,0.0,0.0,0.0,2.1396926500431315,53.0,1.4494580804416417,0.12873164818693955,0.0216,0.0216,0.6364,17,0.0017,0.2836
Delhi,North Delhi,2022,37,887978.0,28.0,0.9473684210526316,0.0,0.0,4.166769897452414,102.0,2.7895230982084427,0.12854161482480195,0.3263,0.3263,0.913,5,0.0021,1.8526
Delhi,North Delhi,2023,22,887978.0,26.0,-0.4054054054054054,0.4736842105263158,0.9473684210526316,2.477538857944679,60.0,1.6408959401226133,0.1287017673759541,0.025,0.025,0.4565,26,0.0017,1.1977
Delhi,North Delhi,2024,24,887978.0,27.666666666666668,0.09090909090909083,0.18065433854907542,-0.4054054054054054,2.702769663212377,65.0,1.7776372684661643,0.1286813341633555,0.0545,0.0545,0.5435,22,0.0013,0.0786
Delhi,North Delhi,2025,25,887978.0,23.666666666666668,0.04166666666666674,0.15821802663907927,0.09090909090909083,2.815385065846226,69.0,1.8870303311410053,0.128668803212987,0.0409,0.0409,0.3696,30,0.0007,0.1896
Delhi,North Delhi,2026,27,887978.0,25.333333333333332,0.08000000000000007,0.13490775464459676,0.04166666666666674,3.040615871113924,74.0,2.0237716594845563,0.12864837251675254,0.0547,0.0547,0.5,24,0.0006,0.1032
Delhi,North East Delhi,2021,43,2241624.0,43.0,0.0,0.0,0.0,1.9182521243527013,15.0,2.2305263893577125,0.12870005823044067,0.0192,0.0192,0.5682,20,0.0041,0.2783
Delhi,North East Delhi,2022,82,2241624.0,62.5,0.9069767441860466,0.0,0.0,3.6580621906260817,29.0,4.31235101942491,0.12848441957437212,0.3088,0.3088,0.7826,11,0.0048,1.8426
Delhi,North East Delhi,2023,49,2241624.0,58.0,-0.4024390243902439,0.4534883720930233,0.9069767441860466,2.185915211471683,17.0,2.527929907938741,0.12866816270760426,0.0219,0.0219,0.3913,29,0.0039,1.2194
Delhi,North East Delhi,2024,52,2241624.0,61.0,0.061224489795918435,0.1681792399319342,-0.4024390243902439,2.319746755031174,19.0,2.825333426519769,0.12864382327947113,0.0416,0.0416,0.4348,27,0.0028,0.1352
Delhi,North East Delhi,2025,56,2241624.0,52.333333333333336,0.07692307692307687,0.14144055239793027,0.061224489795918435,2.498188813110495,18.0,2.676631667229255,0.12864214623021736,0.0481,0.0481,0.5,24,0.0017,0.0984
Delhi,North East Delhi,2026,60,2241624.0,56.0,0.0714285714285714,0.12853705730295958,0.07692307692307687,2.6766308711898157,21.0,3.1227369451007974,0.12860690054319507,0.0483,0.0483,0.4348,27,0.0013,0.1113
Delhi,North West Delhi,2021,53,3656539.0,53.0,0.0,0.0,0.0,1.4494580804416417,29.5,1.8562438497567169,0.1287476529408334,0.0146,0.0146,0.4091,27,0.005,0.2789
Delhi,North West Delhi,2022,102,3656539.0,77.5,0.9245283018867925,0.0,0.0,2.7895230982084427,57.0,3.597200183841373,0.1285737563142149,0.3055,0.3055,0.7174,14,0.006,1.8405
Delhi,North West Delhi,2023,60,3656539.0,71.66666666666667,-0.4117647058823529,0.46226415094339623,0.9245283018867925,1.6408959401226133,34.0,2.1431265824177634,0.12872064816459727,0.0165,0.0165,0.2826,34,0.0048,1.2229
Delhi,North West Delhi,2024,65,3656539.0,75.66666666666667,0.08333333333333326,0.1709211986681465,-0.4117647058823529,1.7776372684661643,36.5,2.314721799406749,0.1287032418829507,0.0429,0.0429,0.4565,26,0.0035,0.0879
Delhi,North West Delhi,2025,69,3656539.0,64.66666666666667,0.06153846153846154,0.1490242323344432,0.08333333333333326,1.8870303311410053,39.0,2.449669253197188,0.12868944915863229,0.0375,0.0375,0.3478,31,0.0021,0.1379
Delhi,North West Delhi,2026,74,3656539.0,69.33333333333333,0.07246376811594213,0.13152707817524686,0.06153846153846154,2.0237716594845563,41.5,2.6212644701861736,0.12867204496051293,0.0421,0.0421,0.3913,29,0.0017,0.1128
Delhi,Shahdara,2021,15,672487.0,15.0,0.0,0.0,0.0,2.2305263893577125,37.5,1.8951565674105162,0.12870136185955233,0.0224,0.0224,0.6591,16,0.0014,0.281
Delhi,Shahdara,2022,29,672487.0,22.0,0.9333333333333333,0.0,0.0,4.31235101942491,72.0,3.6425901992042364,0.1284852920937113,0.3234,0.3234,0.8696,7,0.0016,1.8137
Delhi,Shahdara,2023,17,672487.0,20.333333333333332,-0.4137931034482759,0.4666666666666667,0.9333333333333333,2.527929907938741,43.0,2.1752428774128454,0.12866876502910046,0.0254,0.0254,0.4783,25,0.0013,1.2097
Delhi,Shahdara,2024,19,672487.0,21.666666666666668,0.11764705882352944,0.17318007662835247,-0.4137931034482759,2.825333426519769,45.5,2.3006605557697264,0.12864490031924064,0.0637,0.0637,0.5652,21,0.001,0.017
Delhi,Shahdara,2025,18,672487.0,18.0,-0.052631578947368474,0.15929682217714672,0.11764705882352944,2.676631667229255,49.0,2.4776344446750898,0.12864330619487488,0.0269,0.0269,0.3043,33,0.0006,0.3991
Delhi,Shahdara,2026,21,672487.0,19.333333333333332,0.16666666666666674,0.11691114195224368,-0.052631578947368474,3.1227369451007974,52.5,2.6546083335804536,0.12860814311923002,0.0814,0.0814,0.6304,18,0.0004,0.0931
Delhi,South Delhi,2021,39,2731929.0,39.0,0.0,0.0,0.0,1.4275627221644487,16.0,1.6733338562501632,0.1287592170217099,0.0143,0.0143,0.3864,28,0.0037,0.2758
Delhi,South Delhi,2022,75,2731929.0,57.0,0.9230769230769231,0.0,0.0,2.745312927239324,30.0,3.1375009804690563,0.12860219213249474,0.3045,0.3045,0.6957,15,0.0044,1.8403
Delhi,South Delhi,2023,44,2731929.0,52.666666666666664,-0.41333333333333333,0.46153846153846156,0.9230769230769231,1.6105835839804037,18.0,1.8825005882814336,0.12873707425079264,0.0162,0.0162,0.2609,35,0.0035,1.2233
Delhi,South Delhi,2024,47,2731929.0,55.333333333333336,0.06818181818181812,0.16991452991452993,-0.41333333333333333,1.7203961010699764,19.0,1.987083954297069,0.12872497040431274,0.0377,0.0377,0.3696,30,0.0025,0.1195
Delhi,South Delhi,2025,51,2731929.0,47.333333333333336,0.0851063829787233,0.14448135198135198,0.06818181818181812,1.8668127905227405,21.0,2.1962506863283395,0.12870489672583918,0.0443,0.0443,0.413,28,0.0015,0.0807
Delhi,South Delhi,2026,54,2731929.0,50.666666666666664,0.05882352941176472,0.13260635818082625,0.0851063829787233,1.9766253076123135,22.0,2.300834052343975,0.12869279439586886,0.0375,0.0375,0.3152,32,0.0012,0.141
Delhi,South East Delhi,2021,16,956175.0,16.0,0.0,0.0,0.0,1.6733338562501632,39.0,1.4275627221644487,0.1287592170217099,0.0169,0.0169,0.4545,25,0.0015,0.274
Delhi,South East Delhi,2022,30,956175.0,23.0,0.875,0.0,0.0,3.1375009804690563,75.0,2.745312927239324,0.12860219213249474,0.2942,0.2942,0.6739,16,0.0017,1.8307
Delhi,South East Delhi,2023,18,956175.0,21.333333333333332,-0.4,0.4375,0.875,1.8825005882814336,44.0,1.6105835839804037,0.12873707425079264,0.019,0.019,0.3261,32,0.0014,1.2361
Delhi,South East Delhi,2024,19,956175.0,22.333333333333332,0.05555555555555558,0.15833333333333333,-0.4,1.987083954297069,47.0,1.7203961010699764,0.12872497040431274,0.0367,0.0367,0.3478,31,0.001,0.1404
Delhi,South East Delhi,2025,21,956175.0,19.333333333333332,0.10526315789473695,0.1326388888888889,0.05555555555555558,2.1962506863283395,51.0,1.8668127905227405,0.12870489672583918,0.0537,0.0537,0.5652,21,0.0006,0.0208
Delhi,South East Delhi,2026,22,956175.0,20.666666666666668,0.04761904761904767,0.1271637426900585,0.10526315789473695,2.300834052343975,54.0,1.9766253076123135,0.12869279439586886,0.0375,0.0375,0.3152,32,0.0005,0.1594
Delhi,South West Delhi,2021,30,2292958.0,30.0,0.0,0.0,0.0,1.3083536636955408,40.0,1.5727950494703022,0.12877162463382166,0.0132,0.0132,0.3068,31,0.0028,0.2859
Delhi,South West Delhi,2022,59,2292958.0,44.5,0.9666666666666666,0.0,0.0,2.57309553860123,77.0,3.027630470230332,0.1286181097896839,0.316,0.316,0.8261,9,0.0034,1.8588
Delhi,South West Delhi,2023,35,2292958.0,41.333333333333336,-0.4067796610169492,0.4833333333333333,0.9666666666666666,1.5264126076447975,46.0,1.8087143068908478,0.12874599216254534,0.0154,0.0154,0.2391,36,0.0028,1.1884
Delhi,South West Delhi,2024,37,2292958.0,43.666666666666664,0.05714285714285716,0.18662900188323914,-0.4067796610169492,1.6136361852245005,49.0,1.9266739356011204,0.1287344078803208,0.0335,0.0335,0.3043,33,0.002,0.1591
Delhi,South West Delhi,2025,40,2292958.0,37.333333333333336,0.08108108108108114,0.15425746569814364,0.05714285714285716,1.7444715515940545,53.0,2.0839534405481506,0.1287181423544029,0.042,0.042,0.3913,29,0.0012,0.106
Delhi,South West Delhi,2026,43,2292958.0,40.0,0.07499999999999996,0.13962218877473115,0.08108108108108114,1.8753069179636084,56.0,2.2019130692584232,0.12870409760435783,0.0415,0.0415,0.3696,30,0.0009,0.1195
Delhi,West Delhi,2021,40,2543243.0,40.0,0.0,0.0,0.0,1.5727950494703022,41.5,1.3789058720685912,0.12876764116427444,0.0159,0.0159,0.4318,26,0.0038,0.2784
Delhi,West Delhi,2022,77,2543243.0,58.5,0.925,0.0,0.0,3.027630470230332,80.5,2.6813093184048364,0.12861200379665588,0.3081,0.3081,0.7609,12,0.0045,1.8504
Delhi,West Delhi,2023,46,2543243.0,54.333333333333336,-0.4025974025974026,0.4625,0.925,1.8087143068908478,47.5,1.5836542738837054,0.12874276055789288,0.0183,0.0183,0.3043,33,0.0037,1.205
Delhi,West Delhi,2024,49,2543243.0,57.333333333333336,0.0652173913043479,0.17413419913419914,-0.4025974025974026,1.9266739356011204,51.0,1.6956367268453323,0.12872977874143338,0.039,0.039,0.3913,29,0.0026,0.1283
Delhi,West Delhi,2025,53,2543243.0,49.333333333333336,0.08163265306122458,0.14690499717673633,0.0652173913043479,2.0839534405481506,54.5,1.81575094136753,0.12871411872934024,0.0455,0.0455,0.4348,27,0.0016,0.0905
Delhi,West Delhi,2026,56,2543243.0,52.666666666666664,0.05660377358490565,0.13385052835363398,0.08163265306122458,2.2019130692584232,58.5,1.9495392887240823,0.1286999075043156,0.0392,0.0392,0.3478,31,0.0013,0.1481
Goa,Goa,2021,36,,36.0,0.0,0.0,0.0,,6849.0,,-0.25396515017767146,0.0258,0.0258,0.75,12,0.0034,0.7453
Goa,Goa,2022,90,,63.0,1.5,0.0,0.0,,10402.5,,-0.440714504063955,0.4895,0.4895,0.9565,3,0.0048,1.9291
Goa,Goa,2023,86,,70.66666666666667,-0.0444444444444444,0.75,1.5,,14996.0,,-0.691271793109945,0.0566,0.0566,0.5652,21,0.0048,0.8246
Goa,Goa,2024,116,,97.33333333333333,0.34883720930232553,0.4851851851851852,-0.0444444444444444,,19665.0,,-0.9322183459208202,0.1788,0.1788,0.8478,8,0.0045,0.1234
Goa,Goa,2025,157,,119.66666666666667,0.35344827586206895,0.45109819121447026,0.34883720930232553,,25849.0,,-1.239931941430138,0.2036,0.2036,0.8478,8,0.0039,0.1151
Goa,Goa,2026,212,,161.66666666666666,0.35031847133757954,0.43156820814399,0.35344827586206895,,34051.5,,-1.6282289869243292,0.2337,0.2337,0.8478,8,0.0039,0.1207
Gujarat,Gujarat,2021,1536,,1536.0,0.0,0.0,0.0,,1915.0,,0.006778943524286437,0.0225,0.0225,0.6818,15,0.149,0.7537
Gujarat,Gujarat,2022,1417,,1476.5,-0.07747395833333337,0.0,0.0,,2728.25,,-0.009556955922224847,0.0243,0.0243,0.3043,33,0.1153,1.2212
Gujarat,Gujarat,2023,1995,,1649.3333333333333,0.4079040225829216,-0.038736979166666685,-0.07747395833333337,,2807.25,,-0.0037324130675013933,0.1527,0.1527,0.7609,12,0.1128,1.7078
Gujarat,Gujarat,2024,2274,,1895.3333333333333,0.13984962406015033,0.11014335474986274,0.4079040225829216,,3406.0,,-0.00022302614682554096,0.0773,0.0773,0.6739,16,0.0888,0.0902
Gujarat,Gujarat,2025,2591,,2286.6666666666665,0.1394019349164468,0.11756992207743464,0.13984962406015033,,4137.75,,0.01419667181078951,0.0831,0.0831,0.6739,16,0.0751,0.0875
Gujarat,Gujarat,2026,2953,,2606.0,0.1397143959861058,0.12193632464523707,0.1394019349164468,,5032.75,,0.045697677491959965,0.0901,0.0901,0.6739,16,0.0634,0.0894
Haryana,Haryana,2021,622,,622.0,0.0,0.0,0.0,,1947.8333333333333,,0.01373489764539961,0.0135,0.0135,0.3409,30,0.0603,2.0372
Haryana,Haryana,2022,681,,651.5,0.094855305466238,0.0,0.0,,2218.3333333333335,,0.0025242739307123362,0.0435,0.0435,0.413,28,0.0508,0.3113
Haryana,Haryana,2023,751,,684.6666666666666,0.10279001468428772,0.047427652733119,0.094855305466238,,2397.3333333333335,,-0.0043713176618423765,0.0472,0.0472,0.5,24,0.0468,0.5077
Haryana,Haryana,2024,825,,752.3333333333334,0.09853528628495334,0.06588177338350858,0.10279001468428772,,2690.6666666666665,,-0.014741776770153526,0.0478,0.0478,0.5,24,0.0352,0.4024
Haryana,Haryana,2025,907,,827.6666666666666,0.09939393939393937,0.07404515160886976,0.09853528628495334,,3039.0,,-0.02577073849455903,0.0502,0.0502,0.5435,22,0.0272,0.4236
Haryana,Haryana,2026,996,,909.3333333333334,0.09812568908489516,0.07911490916588368,0.09939393939393937,,3453.3333333333335,,-0.037295201788056814,0.0522,0.0522,0.4565,26,0.0221,0.3922
Himachal Pradesh,Himachal Pradesh,2021,70,,70.0,0.0,0.0,0.0,,1813.1666666666667,,0.025677430733817924,0.0074,0.0074,0.2273,35,0.0067,1.3111
Himachal Pradesh,Himachal Pradesh,2022,77,,73.5,0.10000000000000009,0.0,0.0,,2038.3333333333333,,0.013303468522897486,0.0383,0.0383,0.3696,30,0.0057,0.8713
Himachal Pradesh,Himachal Pradesh,2023,127,,91.33333333333333,0.6493506493506493,0.050000000000000044,0.10000000000000009,,2122.6666666666665,,0.008502127160014696,0.204,0.204,0.7935,10,0.0062,1.5448
Himachal Pradesh,Himachal Pradesh,2024,171,,125.0,0.3464566929133859,0.2497835497835498,0.6493506493506493,,2312.6666666666665,,-0.0016020933341524262,0.1142,0.1142,0.7826,11,0.0058,0.2126
Himachal Pradesh,Himachal Pradesh,2025,230,,176.0,0.3450292397660819,0.27395183556600883,0.3464566929133859,,2526.1666666666665,,-0.012404331312403805,0.1152,0.1152,0.7826,11,0.0057,0.2063
Himachal Pradesh,Himachal Pradesh,2026,310,,237.0,0.34782608695652173,0.28816731640602344,0.3450292397660819,,2765.1666666666665,,-0.023589903532567645,0.1177,0.1177,0.7609,12,0.0057,0.2187
Jammu and Kashmir,Jammu and Kashmir,2021,154,,154.0,0.0,0.0,0.0,,208.66666666666666,,0.10923922469906538,0.0023,0.0023,0.1023,40,0.0149,1.8713
Jammu and Kashmir,Jammu and Kashmir,2022,173,,163.5,0.12337662337662336,0.0,0.0,,259.0,,0.10563562801159829,0.0397,0.0397,0.3913,29,0.0127,0.9983
Jammu and Kashmir,Jammu and Kashmir,2023,185,,170.66666666666666,0.06936416184971095,0.06168831168831168,0.12337662337662336,,213.0,,0.1074228884986876,0.0235,0.0235,0.413,28,0.0116,0.258
Jammu and Kashmir,Jammu and Kashmir,2024,203,,187.0,0.09729729729729719,0.0642469284087781,0.06936416184971095,,221.33333333333334,,0.10607185839455224,0.032,0.032,0.2826,34,0.0087,0.3917
Jammu and Kashmir,Jammu and Kashmir,2025,222,,203.33333333333334,0.09359605911330049,0.07250952063090788,0.09729729729729719,,235.0,,0.10440542198126608,0.0312,0.0312,0.3261,32,0.0066,0.3056
Jammu and Kashmir,Jammu and Kashmir,2026,244,,223.0,0.0990990990990992,0.07672682832738639,0.09359605911330049,,255.66666666666666,,0.10224759970722132,0.0331,0.0331,0.2826,34,0.0054,0.4336
Jharkhand,Jharkhand,2021,953,,953.0,0.0,0.0,0.0,,2628.8,,-0.011410977266239406,0.0193,0.0193,0.5909,19,0.0924,1.2979
Jharkhand,Jharkhand,2022,967,,960.0,0.014690451206715638,0.0,0.0,,2912.2,,-0.02051780973317096,0.0249,0.0249,0.3261,32,0.0749,0.9435
Jharkhand,Jharkhand,2023,1079,,999.6666666666666,0.11582213029989652,0.007345225603357819,0.014690451206715638,,3674.8,,-0.04148461347928298,0.0592,0.0592,0.587,20,0.0684,1.4967
Jharkhand,Jharkhand,2024,1148,,1064.6666666666667,0.06394810009267848,0.043504193835537386,0.11582213029989652,,4255.0,,-0.0553954917957463,0.0465,0.0465,0.4783,25,0.0499,0.2451
Jharkhand,Jharkhand,2025,1222,,1149.6666666666667,0.06445993031358888,0.04861517039982266,0.06394810009267848,,4974.2,,-0.07065594134638731,0.05,0.05,0.5217,23,0.0377,0.2574
Jharkhand,Jharkhand,2026,1300,,1223.3333333333333,0.06382978723404253,0.0517841223825759,0.06445993031358888,,5874.6,,-0.08734879035574937,0.054,0.054,0.4783,25,0.0297,0.2422
Karnataka,Karnataka,2021,8136,,8136.0,0.0,0.0,0.0,,3246.3333333333335,,0.13976691600347554,0.0934,0.0934,0.9545,3,0.7897,1.5762
Karnataka,Karnataka,2022,12556,,10346.0,0.5432645034414947,0.0,0.0,,4805.333333333333,,0.6418641092714837,0.3064,0.3064,0.7391,13,0.8083,0.6226
Karnataka,Karnataka,2023,21889,,14193.666666666666,0.7433099713284486,0.27163225172074734,0.5432645034414947,,6030.333333333333,,1.8196143299253986,0.4643,0.4643,0.9348,4,0.9714,1.4323
Karnataka,Karnataka,2024,29550,,21331.666666666668,0.3499931472429074,0.42885815825664775,0.7433099713284486,,7797.333333333333,,3.7235369066630755,0.4295,0.4295,1.0,1,1.0,0.1596
Karnataka,Karnataka,2025,39893,,30444.0,0.3500169204737733,0.40914190550321267,0.3499931472429074,,10113.0,,7.292276226008788,0.5415,0.5415,1.0,1,1.0,0.1595
Karnataka,Karnataka,2026,53855,,41099.333333333336,0.34998621312009637,0.3973169084973248,0.3500169204737733,,13152.333333333334,,13.88022572437069,0.6538,0.6538,1.0,1,1.0,0.1596
Kerala,Kerala,2021,626,,626.0,0.0,0.0,0.0,,4606.0,,-0.0952860868533232,0.0234,0.0234,0.7045,14,0.0607,0.6139
Kerala,Kerala,2022,773,,699.5,0.23482428115015974,0.0,0.0,,4900.666666666667,,-0.09783700723610568,0.0964,0.0964,0.5217,23,0.0546,0.4237
Kerala,Kerala,2023,3295,,1564.6666666666667,3.26261319534282,0.11741214057507987,0.23482428115015974,,8719.0,,0.16144248880243953,0.6653,0.6653,1.0,1,0.107,2.0288
Kerala,Kerala,2024,4448,,2838.6666666666665,0.3499241274658573,1.1658124921643267,3.26261319534282,,11753.333333333334,,0.5079231693162847,0.1931,0.1931,0.913,5,0.133,0.3305
Kerala,Kerala,2025,6005,,4582.666666666667,0.35004496402877705,0.9618404009897092,0.3499241274658573,,15850.333333333334,,1.250689152991217,0.2239,0.2239,0.913,5,0.1505,0.3304
Kerala,Kerala,2026,8107,,6186.666666666667,0.35004163197335547,0.8394813135975229,0.35004496402877705,,21380.333333333332,,2.7543680594777196,0.2655,0.2655,0.913,5,0.1505,0.3304
Ladakh,Ladakh,2021,5,,5.0,0.0,0.0,0.0,,258.3333333333333,,0.11408794231314537,0.001,0.001,0.0682,42,0.0004,0.6172
Ladakh,Ladakh,2022,3,,4.0,-0.4,0.0,0.0,,315.6666666666667,,0.11095306196635664,0.0012,0.0012,0.0435,45,0.0002,0.7715
Ladakh,Ladakh,2023,1,,3.0,-0.6666666666666667,-0.2,-0.4,,274.3333333333333,,0.1133847513098076,0.001,0.001,0.0435,45,0.0001,1.6973
Ladakh,Ladakh,2024,1,,1.6666666666666667,0.0,-0.3555555555555556,-0.6666666666666667,,288.6666666666667,,0.11257526937469839,0.0011,0.0011,0.0978,42,0.0,0.6172
Ladakh,Ladakh,2025,1,,1.0,0.0,-0.2666666666666667,0.0,,308.6666666666667,,0.11144575969780175,0.0012,0.0012,0.1196,41,0.0,0.6172
Ladakh,Ladakh,2026,1,,1.0,0.0,-0.21333333333333337,0.0,,336.6666666666667,,0.10986444615014643,0.0013,0.0013,0.1304,41,0.0,0.6172
Lakshadweep,Lakshadweep,2021,1,,1.0,0.0,0.0,0.0,,,,,0.0,0.0,0.0227,44,0.0,0.0
Lakshadweep,Lakshadweep,2022,1,,1.0,0.0,0.0,0.0,,,,,0.0,0.0,0.0217,46,0.0,0.0
Lakshadweep,Lakshadweep,2023,1,,1.0,0.0,0.0,0.0,,,,,0.0,0.0,0.0217,46,0.0,0.0
Lakshadweep,Lakshadweep,2024,1,,1.0,0.0,0.0,0.0,,,,,0.0,0.0,0.0217,46,0.0,0.0
Lakshadweep,Lakshadweep,2025,1,,1.0,0.0,0.0,0.0,,,,,0.0,0.0,0.0217,46,0.0,0.0
Lakshadweep,Lakshadweep,2026,1,,1.0,0.0,0.0,0.0,,,,,0.0,0.0,0.0217,46,0.0,0.0
Madhya Pradesh,Madhya Pradesh,2021,589,,589.0,0.0,0.0,0.0,,3556.6,,-0.05342710394241059,0.0191,0.0191,0.5341,21,0.0571,0.418
Madhya Pradesh,Madhya Pradesh,2022,826,,707.5,0.40237691001697784,0.0,0.0,,4411.0,,-0.07674857872708958,0.1454,0.1454,0.587,20,0.0552,1.7442
Madhya Pradesh,Madhya Pradesh,2023,685,,700.0,-0.17070217917675545,0.20118845500848892,0.40237691001697784,,4760.0,,-0.09798047885130942,0.0245,0.0245,0.4348,27,0.0478,1.3353
Madhya Pradesh,Madhya Pradesh,2024,739,,750.0,0.07883211678832125,0.07722491028007412,-0.17070217917675545,,5527.0,,-0.12396945521191026,0.0516,0.0516,0.5217,23,0.0351,0.0056
Madhya Pradesh,Madhya Pradesh,2025,797,,740.3333333333334,0.07848443843031117,0.07762671190713591,0.07883211678832125,,6434.0,,-0.1526576024556001,0.0554,0.0554,0.587,20,0.0243,0.0037
Madhya Pradesh,Madhya Pradesh,2026,859,,798.3333333333334,0.07779171894604775,0.07779825721177096,0.07848443843031117,,7509.0,,-0.18415882156432692,0.0598,0.0598,0.5217,23,0.0194,0.0
Maharashtra,Maharashtra,2021,5562,,5562.0,0.0,0.0,0.0,,2854.0,,0.046450364417868005,0.0662,0.0662,0.9091,5,0.5398,0.9951
Maharashtra,Maharashtra,2022,8249,,6905.5,0.4830996044588278,0.0,0.0,,4121.375,,0.271740190986361,0.2427,0.2427,0.6304,18,0.5395,1.66
Maharashtra,Maharashtra,2023,8103,,7304.666666666667,-0.017699115044247815,0.2415498022294139,0.4830996044588278,,5713.875,,0.4946046042503252,0.1022,0.1022,0.6957,15,0.4999,1.0924
Maharashtra,Maharashtra,2024,9780,,8710.666666666666,0.20696038504257674,0.15513349647152666,-0.017699115044247815,,7513.875,,0.971253838610714,0.1878,0.1878,0.8913,6,0.4083,0.1423
Maharashtra,Maharashtra,2025,11805,,9896.0,0.2070552147239264,0.1680902186142892,0.20696038504257674,,9910.125,,1.7985482180479055,0.217,0.217,0.8913,6,0.325,0.1429
Maharashtra,Maharashtra,2026,14248,,11944.333333333334,0.2069462092333756,0.17588321783621663,0.2070552147239264,,13104.0,,3.2061763063239836,0.2532,0.2532,0.8913,6,0.2906,0.1423
Manipur,Manipur,2021,67,,67.0,0.0,0.0,0.0,,1628.0,,0.03586705338069918,0.0067,0.0067,0.1818,37,0.0064,0.8223
Manipur,Manipur,2022,18,,42.5,-0.7313432835820896,0.0,0.0,,579.3333333333334,,0.09544306710872982,0.0023,0.0023,0.1304,41,0.0032,1.0788
Manipur,Manipur,2023,3,,29.333333333333332,-0.8333333333333334,-0.3656716417910448,-0.7313432835820896,,314.0,,0.111047105242981,0.0012,0.0012,0.0761,43,0.0019,1.3439
Manipur,Manipur,2024,3,,8.0,0.0,-0.521558872305141,-0.8333333333333334,,269.0,,0.11358627371183916,0.001,0.001,0.0543,44,0.0003,0.8223
Manipur,Manipur,2025,2,,2.6666666666666665,-0.33333333333333337,-0.39116915422885573,0.0,,230.0,,0.11583769207255568,0.0009,0.0009,0.0761,43,0.0001,0.0442
Manipur,Manipur,2026,2,,2.3333333333333335,0.0,-0.37960199004975126,-0.33333333333333337,,197.33333333333334,,0.11768174908627349,0.0008,0.0008,0.0761,43,0.0,0.8223
Meghalaya,Meghalaya,2021,107,,107.0,0.0,0.0,0.0,,4846.0,,-0.13807329065399102,0.0191,0.0191,0.5341,21,0.0103,1.5891
Meghalaya,Meghalaya,2022,75,,91.0,-0.2990654205607477,0.0,0.0,,1733.0,,0.029999962931292062,0.0072,0.0072,0.1739,39,0.007,1.5711
Meghalaya,Meghalaya,2023,64,,82.0,-0.1466666666666666,-0.14953271028037385,-0.2990654205607477,,909.0,,0.07539999887105037,0.004,0.004,0.1522,40,0.0055,0.0393
Meghalaya,Meghalaya,2024,54,,64.33333333333333,-0.15625,-0.1485773624091381,-0.1466666666666666,,773.0,,0.08324214597743196,0.0034,0.0034,0.1522,40,0.003,0.062
Meghalaya,Meghalaya,2025,46,,54.666666666666664,-0.14814814814814814,-0.15049552180685358,-0.15625,,657.0,,0.089962953149753,0.0029,0.0029,0.1739,39,0.0018,0.0236
Meghalaya,Meghalaya,2026,39,,46.333333333333336,-0.15217391304347827,-0.1500260470751125,-0.14814814814814814,,558.0,,0.09574251829345153,0.0025,0.0025,0.1522,40,0.0011,0.0189
Mizoram,Mizoram,2021,30,,30.0,0.0,0.0,0.0,,1645.6666666666667,,0.035481134428495445,0.0064,0.0064,0.1591,38,0.0028,0.3934
Mizoram,Mizoram,2022,1,,15.5,-0.9666666666666667,0.0,0.0,,593.6666666666666,,0.09535024680202463,0.0022,0.0022,0.0978,42,0.0011,0.4718
Mizoram,Mizoram,2023,31,,20.666666666666668,30.0,-0.48333333333333334,-0.9666666666666667,,316.0,,0.10957131357098829,0.6015,0.6015,0.9783,2,0.0013,2.0402
Mizoram,Mizoram,2024,32,,21.333333333333332,0.032258064516129004,9.677777777777779,30.0,,273.3333333333333,,0.11189950997758379,0.011,0.011,0.2391,36,0.001,0.3908
Mizoram,Mizoram,2025,32,,31.666666666666668,0.0,7.266397849462366,0.032258064516129004,,237.66666666666666,,0.11388642710547014,0.0012,0.0012,0.1196,41,0.001,0.3934
Mizoram,Mizoram,2026,33,,32.333333333333336,0.03125,5.813118279569893,0.0,,208.66666666666666,,0.11545062397599067,0.0105,0.0105,0.2174,37,0.0008,0.3909
Nagaland,Nagaland,2021,8,,8.0,0.0,0.0,0.0,,1653.3333333333333,,0.03539610079725463,0.0062,0.0062,0.1364,39,0.0007,0.9129
Nagaland,Nagaland,2022,4,,6.0,-0.5,0.0,0.0,,588.3333333333334,,0.09552564817464805,0.0022,0.0022,0.0978,42,0.0004,0.9129
Nagaland,Nagaland,2023,2,,4.666666666666667,-0.5,-0.25,-0.5,,312.0,,0.11120873262995794,0.0012,0.0012,0.0761,43,0.0003,0.9129
Nagaland,Nagaland,2024,2,,2.6666666666666665,0.0,-0.3333333333333333,-0.5,,265.3333333333333,,0.11384309979241197,0.001,0.001,0.0543,44,0.0001,0.9129
Nagaland,Nagaland,2025,1,,1.6666666666666667,-0.5,-0.25,0.0,,225.33333333333334,,0.11615205001820438,0.0008,0.0008,0.0435,45,0.0,0.9129
Nagaland,Nagaland,2026,1,,1.3333333333333333,0.0,-0.3,-0.5,,191.66666666666666,,0.11805339130764708,0.0007,0.0007,0.0435,45,0.0,0.9129
Odisha,Odisha,2021,2037,,2037.0,0.0,0.0,0.0,,2799.2,,-0.003137399749968548,0.0308,0.0308,0.8182,9,0.1976,0.8589
Odisha,Odisha,2022,1983,,2010.0,-0.026509572901325495,0.0,0.0,,3889.0,,-0.011896956558816618,0.0343,0.0343,0.3478,31,0.157,1.2198
Odisha,Odisha,2023,2348,,2122.6666666666665,0.18406454866364097,-0.013254786450662748,-0.026509572901325495,,4487.6,,0.003603346695832862,0.0954,0.0954,0.6739,16,0.1452,1.6469
Odisha,Odisha,2024,2521,,2284.0,0.07367972742759799,0.05251832525410516,0.18406454866364097,,5767.2,,0.020621957740338478,0.0687,0.0687,0.6304,18,0.107,0.1442
Odisha,Odisha,2025,2706,,2525.0,0.07338357794525985,0.057808675797478365,0.07367972742759799,,7456.2,,0.05431568171874832,0.0768,0.0768,0.6304,18,0.0829,0.1402
Odisha,Odisha,2026,2906,,2711.0,0.07390983000739104,0.06092365622703466,0.07338357794525985,,9687.0,,0.11440127339042691,0.0872,0.0872,0.6522,17,0.0659,0.1473
Puducherry,Puducherry,2022,64,,64.0,0.0,0.0,0.0,,5123.25,,-0.1560283673596889,0.0197,0.0197,0.2826,34,0.0049,0.4472
Puducherry,Puducherry,2023,147,,105.5,1.296875,0.0,0.0,,6998.25,,-0.24930342545065567,0.4165,0.4165,0.913,5,0.0072,1.7889
Puducherry,Puducherry,2024,147,,119.33333333333333,0.0,0.6484375,1.296875,,9222.0,,-0.36685236108792363,0.0357,0.0357,0.3261,32,0.0055,0.4472
Puducherry,Puducherry,2025,147,,147.0,0.0,0.4322916666666667,0.0,,12179.0,,-0.5231613898363896,0.0467,0.0467,0.4565,26,0.0048,0.4472
Puducherry,Puducherry,2026,147,,147.0,0.0,0.32421875,0.0,,16113.5,,-0.7311417326198998,0.0613,0.0613,0.5435,22,0.0036,0.4472
Punjab,Punjab,2021,551,,551.0,0.0,0.0,0.0,,395.0,,0.08087378804810974,0.007,0.007,0.2045,36,0.0534,0.1118
Punjab,Punjab,2022,697,,624.0,0.26497277676951003,0.0,0.0,,465.6666666666667,,0.07127940966207445,0.0882,0.0882,0.4783,25,0.0487,1.6763
Punjab,Punjab,2023,511,,586.3333333333334,-0.266857962697274,0.13248638838475502,0.26497277676951003,,587.0,,0.0743237086117891,0.0073,0.0073,0.1739,39,0.0401,1.4638
Punjab,Punjab,2024,492,,566.6666666666666,-0.03718199608610573,-0.0006283953092546627,-0.266857962697274,,721.0,,0.06918235136238426,0.0076,0.0076,0.1739,39,0.0265,0.1077
Punjab,Punjab,2025,474,,492.3333333333333,-0.03658536585365857,-0.00976679550346743,-0.03718199608610573,,889.5,,0.06233521475200428,0.008,0.008,0.2174,37,0.0161,0.1042
Punjab,Punjab,2026,456,,474.0,-0.03797468354430378,-0.015130509573505656,-0.03658536585365857,,1101.8333333333333,,0.053356178060946405,0.0087,0.0087,0.1957,38,0.0115,0.1124
Rajasthan,Rajasthan,2021,1504,,1504.0,0.0,0.0,0.0,,2425.4,,-0.0027620116077139933,0.024,0.024,0.7273,13,0.1459,1.9489
Rajasthan,Rajasthan,2022,1833,,1668.5,0.21875,0.0,0.0,,2747.6,,-0.0051759701753557475,0.0942,0.0942,0.5,24,0.1303,0.074
Rajasthan,Rajasthan,2023,2435,,1924.0,0.32842334969994535,0.109375,0.21875,,2947.2,,0.002519566759014633,0.1338,0.1338,0.7391,13,0.1316,0.866
Rajasthan,Rajasthan,2024,3098,,2455.3333333333335,0.2722792607802875,0.18239111656664844,0.32842334969994535,,3253.0,,0.019616765023230082,0.1247,0.1247,0.8043,10,0.1151,0.3847
Rajasthan,Rajasthan,2025,3942,,3158.3333333333335,0.27243382827630724,0.20486315262005822,0.2722792607802875,,3593.0,,0.05388083172440352,0.1345,0.1345,0.8043,10,0.1037,0.3861
Rajasthan,Rajasthan,2026,5016,,4018.6666666666665,0.27245053272450526,0.21837728775130802,0.27243382827630724,,3971.0,,0.11432841760244002,0.1466,0.1466,0.8043,10,0.0978,0.3862
Sikkim,Sikkim,2022,26,,26.0,0.0,0.0,0.0,,401.0,,0.10506689227770862,0.0017,0.0017,0.0652,44,0.002,0.4472
Sikkim,Sikkim,2023,12,,19.0,-0.5384615384615384,0.0,0.0,,309.0,,0.11088958748635723,0.0013,0.0013,0.1087,42,0.0012,1.7889
Sikkim,Sikkim,2024,12,,16.666666666666668,0.0,-0.2692307692307692,-0.5384615384615384,,263.0,,0.11347493172205719,0.0011,0.0011,0.0978,42,0.0007,0.4472
Sikkim,Sikkim,2025,12,,12.0,0.0,-0.1794871794871795,0.0,,223.0,,0.11572305714440498,0.0009,0.0009,0.0761,43,0.0004,0.4472
Sikkim,Sikkim,2026,12,,12.0,0.0,-0.1346153846153846,0.0,,190.0,,0.11757776061784189,0.0008,0.0008,0.0761,43,0.0003,0.4472
Tamil Nadu,Tamil Nadu,2021,1076,,1076.0,0.0,0.0,0.0,,5235.0,,-0.0881750577103859,0.0302,0.0302,0.7955,10,0.1043,1.2875
Tamil Nadu,Tamil Nadu,2022,2082,,1579.0,0.9349442379182156,0.0,0.0,,6206.2,,-0.019433116794930205,0.3244,0.3244,0.8913,6,0.1233,1.149
Tamil Nadu,Tamil Nadu,2023,4121,,2426.3333333333335,0.9793467819404418,0.4674721189591078,0.9349442379182156,,9181.6,,0.31414730712778116,0.3691,0.3691,0.8913,6,0.166,1.2647
Tamil Nadu,Tamil Nadu,2024,5563,,3922.0,0.3499150691579713,0.6380970066195525,0.9793467819404418,,12204.4,,0.8060322380827919,0.2059,0.2059,0.9348,4,0.1838,0.3756
Tamil Nadu,Tamil Nadu,2025,7511,,5731.666666666667,0.35017077116663664,0.5660515222541571,0.3499150691579713,,16249.0,,1.8082235018488626,0.2405,0.2405,0.9348,4,0.1882,0.3749
Tamil Nadu,Tamil Nadu,2026,10139,,7737.666666666667,0.3498868326454534,0.522875372036653,0.35017077116663664,,21663.4,,3.7702726028345435,0.2868,0.2868,0.9348,4,0.1882,0.3757
Telangana,Telangana,2021,10303,,10303.0,0.0,0.0,0.0,,3173.0,,0.1769418090433936,0.1148,0.1148,0.9773,2,1.0,1.688
Telangana,Telangana,2022,15297,,12800.0,0.4847131903329127,0.0,0.0,,3959.1428571428573,,0.5404332046652129,0.3131,0.3131,0.8043,10,1.0,1.255
Telangana,Telangana,2023,18236,,14612.0,0.19212917565535736,0.24235659516645636,0.4847131903329127,,5631.714285714285,,1.3231438995674152,0.2609,0.2609,0.8478,8,1.0,0.5214
Telangana,Telangana,2024,24261,,19264.666666666668,0.3303904364992323,0.22561412199609002,0.19212917565535736,,7246.428571428572,,2.701516525265961,0.3686,0.3686,0.9783,2,0.9031,0.318
Telangana,Telangana,2025,32277,,24924.666666666668,0.3304068257697539,0.2518082006218756,0.3303904364992323,,9374.42857142857,,5.267138269682463,0.4567,0.4567,0.9783,2,0.8187,0.3181
Telangana,Telangana,2026,42942,,33160.0,0.33042104284784823,0.2675279256514512,0.3304068257697539,,12185.42857142857,,9.969746877422333,0.5738,0.5738,0.9783,2,0.8068,0.3182
Tripura,Tripura,2021,24,,24.0,0.0,0.0,0.0,,2438.0,,-0.008720543626078582,0.0093,0.0093,0.25,34,0.0022,2.0111
Tripura,Tripura,2022,30,,27.0,0.25,0.0,0.0,,867.0,,0.0788976214157901,0.0785,0.0785,0.4565,26,0.002,0.6782
Tripura,Tripura,2023,36,,30.0,0.19999999999999996,0.125,0.25,,470.0,,0.10076415762265507,0.0621,0.0621,0.6087,19,0.002,0.1403
Tripura,Tripura,2024,44,,36.666666666666664,0.22222222222222232,0.15,0.19999999999999996,,402.5,,0.1041454816267929,0.0686,0.0686,0.6087,19,0.0017,0.3794
Tripura,Tripura,2025,54,,44.666666666666664,0.2272727272727273,0.16805555555555557,0.22222222222222232,,344.5,,0.1068796030092771,0.07,0.07,0.6087,19,0.0014,0.4337
Tripura,Tripura,2026,66,,54.666666666666664,0.22222222222222232,0.17989898989898992,0.2272727272727273,,295.5,,0.10899239503372776,0.0684,0.0684,0.5652,21,0.0013,0.3794
Uttar Pradesh,Uttar Pradesh,2021,8829,,8829.0,0.0,0.0,0.0,,777.625,,-0.24385607486211075,0.0912,0.0912,0.9318,4,0.8569,1.7679
Uttar Pradesh,Uttar Pradesh,2022,10117,,9473.0,0.14588288594404797,0.0,0.0,,875.375,,-0.2728681865000274,0.1482,0.1482,0.6087,19,0.7401,1.1524
Uttar Pradesh,Uttar Pradesh,2023,10794,,9913.333333333334,0.0669170702777504,0.07294144297202398,0.14588288594404797,,1311.75,,-0.2044809622284865,0.1329,0.1329,0.7174,14,0.6784,0.4283
Uttar Pradesh,Uttar Pradesh,2024,11935,,10948.666666666666,0.10570687418936453,0.07093331874059945,0.0669170702777504,,1619.625,,-0.15830947316920196,0.1571,0.1571,0.8261,9,0.5132,0.3482
Uttar Pradesh,Uttar Pradesh,2025,13196,,11975.0,0.10565563468789274,0.07962670760279073,0.10570687418936453,,2025.125,,-0.06941627079389014,0.1712,0.1712,0.8261,9,0.3933,0.3472
Uttar Pradesh,Uttar Pradesh,2026,14591,,13240.666666666666,0.10571385268263112,0.08483249301981113,0.10565563468789274,,2558.75,,0.08433726120374088,0.1871,0.1871,0.8261,9,0.3221,0.3483
Uttarakhand,Uttarakhand,2021,718,,718.0,0.0,0.0,0.0,,3173.6666666666665,,-0.034527748343344135,0.019,0.019,0.5,23,0.0696,1.7996
Uttarakhand,Uttarakhand,2022,559,,638.5,-0.2214484679665738,0.0,0.0,,3625.0,,-0.057291769383781846,0.0191,0.0191,0.2609,35,0.0498,1.2318
Uttarakhand,Uttarakhand,2023,494,,590.3333333333334,-0.11627906976744184,-0.1107242339832869,-0.2214484679665738,,3890.6666666666665,,-0.07121396271501208,0.0194,0.0194,0.3478,31,0.0403,0.2079
Uttarakhand,Uttarakhand,2024,420,,491.0,-0.1497975708502024,-0.11257584591133855,-0.11627906976744184,,4310.333333333333,,-0.09350853190094552,0.0202,0.0202,0.2609,35,0.023,0.251
Uttarakhand,Uttarakhand,2025,357,,423.6666666666667,-0.15000000000000002,-0.12188127714605451,-0.1497975708502024,,4777.666666666667,,-0.11894604576977974,0.0213,0.0213,0.2609,35,0.0139,0.2537
Uttarakhand,Uttarakhand,2026,303,,360.0,-0.1512605042016807,-0.1275050217168436,-0.15000000000000002,,5299.0,,-0.14782712884066074,0.0227,0.0227,0.2609,35,0.0087,0.271
West Bengal,West Bengal,2021,513,,513.0,0.0,0.0,0.0,,2312.25,,-0.0013242927602560338,0.0137,0.0137,0.3636,29,0.0497,1.8262
West Bengal,West Bengal,2022,401,,457.0,-0.21832358674463936,0.0,0.0,,1266.0,,0.04731772412139416,0.0087,0.0087,0.1957,38,0.0356,0.8416
West Bengal,West Bengal,2023,309,,407.6666666666667,-0.229426433915212,-0.10916179337231968,-0.21832358674463936,,1759.6,,0.025519796135023063,0.0096,0.0096,0.2174,37,0.0278,0.9773
West Bengal,West Bengal,2024,263,,324.3333333333333,-0.1488673139158576,-0.14925000688661713,-0.229426433915212,,2092.4,,0.009478559141606363,0.0104,0.0104,0.2174,37,0.0152,0.0071
West Bengal,West Bengal,2025,223,,265.0,-0.15209125475285168,-0.14915433364392724,-0.1488673139158576,,2541.4,,-0.013223226092703537,0.0117,0.0117,0.2391,36,0.0087,0.0323
West Bengal,West Bengal,2026,190,,225.33333333333334,-0.14798206278026904,-0.14974171786571214,-0.15209125475285168,,3145.0,,-0.04469924871270563,0.0136,0.0136,0.2391,36,0.0055,0.0179
